clave_pagina,editor,canal,anio,tabla,metrica,categoria,valor_texto,valor,url
wordstream_google_2025,WordStream,Google Ads,2025,0,Average CTR,Animals & Pets,6.58%,6.58,https://www.wordstream.com/blog/2025-google-ads-benchmarks
wordstream_google_2025,WordStream,Google Ads,2025,0,Average CTR,Apparel / Fashion & Jewelry,6.77%,6.77,https://www.wordstream.com/blog/2025-google-ads-benchmarks
wordstream_google_2025,WordStream,Google Ads,2025,0,Average CTR,Arts & Entertainment,13.10%,13.1,https://www.wordstream.com/blog/2025-google-ads-benchmarks
wordstream_google_2025,WordStream,Google Ads,2025,0,Average CTR,Attorneys & Legal Services,5.97%,5.97,https://www.wordstream.com/blog/2025-google-ads-benchmarks
wordstream_google_2025,WordStream,Google Ads,2025,0,Average CTR,Automotive — For Sale,8.29%,8.29,https://www.wordstream.com/blog/2025-google-ads-benchmarks
wordstream_google_2025,WordStream,Google Ads,2025,0,Average CTR,"Automotive — Repair, Service & Parts",5.56%,5.56,https://www.wordstream.com/blog/2025-google-ads-benchmarks
wordstream_google_2025,WordStream,Google Ads,2025,0,Average CTR,Beauty & Personal Care,5.71%,5.71,https://www.wordstream.com/blog/2025-google-ads-benchmarks
wordstream_google_2025,WordStream,Google Ads,2025,0,Average CTR,Business Services,5.65%,5.65,https://www.wordstream.com/blog/2025-google-ads-benchmarks
wordstream_google_2025,WordStream,Google Ads,2025,0,Average CTR,Career & Employment,6.57%,6.57,https://www.wordstream.com/blog/2025-google-ads-benchmarks
wordstream_google_2025,WordStream,Google Ads,2025,0,Average CTR,Dentists & Dental Services,5.44%,5.44,https://www.wordstream.com/blog/2025-google-ads-benchmarks
wordstream_google_2025,WordStream,Google Ads,2025,0,Average CTR,Education & Instruction,5.74%,5.74,https://www.wordstream.com/blog/2025-google-ads-benchmarks
wordstream_google_2025,WordStream,Google Ads,2025,0,Average CTR,Finance & Insurance,8.33%,8.33,https://www.wordstream.com/blog/2025-google-ads-benchmarks
wordstream_google_2025,WordStream,Google Ads,2025,0,Average CTR,Furniture,6.11%,6.11,https://www.wordstream.com/blog/2025-google-ads-benchmarks
wordstream_google_2025,WordStream,Google Ads,2025,0,Average CTR,Health & Fitness,7.18%,7.18,https://www.wordstream.com/blog/2025-google-ads-benchmarks
wordstream_google_2025,WordStream,Google Ads,2025,0,Average CTR,Home & Home Improvement,6.37%,6.37,https://www.wordstream.com/blog/2025-google-ads-benchmarks
wordstream_google_2025,WordStream,Google Ads,2025,0,Average CTR,Industrial & Commercial,6.23%,6.23,https://www.wordstream.com/blog/2025-google-ads-benchmarks
wordstream_google_2025,WordStream,Google Ads,2025,0,Average CTR,Personal Services,7.69%,7.69,https://www.wordstream.com/blog/2025-google-ads-benchmarks
wordstream_google_2025,WordStream,Google Ads,2025,0,Average CTR,Physicians & Surgeons,6.73%,6.73,https://www.wordstream.com/blog/2025-google-ads-benchmarks
wordstream_google_2025,WordStream,Google Ads,2025,0,Average CTR,Real Estate,8.43%,8.43,https://www.wordstream.com/blog/2025-google-ads-benchmarks
wordstream_google_2025,WordStream,Google Ads,2025,0,Average CTR,Restaurants & Food,7.58%,7.58,https://www.wordstream.com/blog/2025-google-ads-benchmarks
wordstream_google_2025,WordStream,Google Ads,2025,0,Average CTR,"Shopping, Collectibles & Gifts",8.92%,8.92,https://www.wordstream.com/blog/2025-google-ads-benchmarks
wordstream_google_2025,WordStream,Google Ads,2025,0,Average CTR,Sports & Recreation,9.19%,9.19,https://www.wordstream.com/blog/2025-google-ads-benchmarks
wordstream_google_2025,WordStream,Google Ads,2025,0,Average CTR,Travel,8.73%,8.73,https://www.wordstream.com/blog/2025-google-ads-benchmarks
wordstream_google_2025,WordStream,Google Ads,2025,1,Average CPC,Animals & Pets,$3.97,3.97,https://www.wordstream.com/blog/2025-google-ads-benchmarks
wordstream_google_2025,WordStream,Google Ads,2025,1,Average CPC,Apparel / Fashion & Jewelry,$4.31,4.31,https://www.wordstream.com/blog/2025-google-ads-benchmarks
wordstream_google_2025,WordStream,Google Ads,2025,1,Average CPC,Arts & Entertainment,$1.60,1.6,https://www.wordstream.com/blog/2025-google-ads-benchmarks
wordstream_google_2025,WordStream,Google Ads,2025,1,Average CPC,Attorneys & Legal Services,$8.58,8.58,https://www.wordstream.com/blog/2025-google-ads-benchmarks
wordstream_google_2025,WordStream,Google Ads,2025,1,Average CPC,Automotive — For Sale,$2.41,2.41,https://www.wordstream.com/blog/2025-google-ads-benchmarks
wordstream_google_2025,WordStream,Google Ads,2025,1,Average CPC,"Automotive — Repair, Service & Parts",$3.90,3.9,https://www.wordstream.com/blog/2025-google-ads-benchmarks
wordstream_google_2025,WordStream,Google Ads,2025,1,Average CPC,Beauty & Personal Care,$5.70,5.7,https://www.wordstream.com/blog/2025-google-ads-benchmarks
wordstream_google_2025,WordStream,Google Ads,2025,1,Average CPC,Business Services,$5.58,5.58,https://www.wordstream.com/blog/2025-google-ads-benchmarks
wordstream_google_2025,WordStream,Google Ads,2025,1,Average CPC,Career & Employment,$5.16,5.16,https://www.wordstream.com/blog/2025-google-ads-benchmarks
wordstream_google_2025,WordStream,Google Ads,2025,1,Average CPC,Dentists & Dental Services,$7.85,7.85,https://www.wordstream.com/blog/2025-google-ads-benchmarks
wordstream_google_2025,WordStream,Google Ads,2025,1,Average CPC,Education & Instruction,$6.23,6.23,https://www.wordstream.com/blog/2025-google-ads-benchmarks
wordstream_google_2025,WordStream,Google Ads,2025,1,Average CPC,Finance & Insurance,$3.46,3.46,https://www.wordstream.com/blog/2025-google-ads-benchmarks
wordstream_google_2025,WordStream,Google Ads,2025,1,Average CPC,Furniture,$3.86,3.86,https://www.wordstream.com/blog/2025-google-ads-benchmarks
wordstream_google_2025,WordStream,Google Ads,2025,1,Average CPC,Health & Fitness,$5.00,5.0,https://www.wordstream.com/blog/2025-google-ads-benchmarks
wordstream_google_2025,WordStream,Google Ads,2025,1,Average CPC,Home & Home Improvement,$7.85,7.85,https://www.wordstream.com/blog/2025-google-ads-benchmarks
wordstream_google_2025,WordStream,Google Ads,2025,1,Average CPC,Industrial & Commercial,$5.70,5.7,https://www.wordstream.com/blog/2025-google-ads-benchmarks
wordstream_google_2025,WordStream,Google Ads,2025,1,Average CPC,Personal Services,$5.81,5.81,https://www.wordstream.com/blog/2025-google-ads-benchmarks
wordstream_google_2025,WordStream,Google Ads,2025,1,Average CPC,Physicians & Surgeons,$5.00,5.0,https://www.wordstream.com/blog/2025-google-ads-benchmarks
wordstream_google_2025,WordStream,Google Ads,2025,1,Average CPC,Real Estate,$2.53,2.53,https://www.wordstream.com/blog/2025-google-ads-benchmarks
wordstream_google_2025,WordStream,Google Ads,2025,1,Average CPC,Restaurants & Food,$2.05,2.05,https://www.wordstream.com/blog/2025-google-ads-benchmarks
wordstream_google_2025,WordStream,Google Ads,2025,1,Average CPC,"Shopping, Collectibles & Gifts",$3.49,3.49,https://www.wordstream.com/blog/2025-google-ads-benchmarks
wordstream_google_2025,WordStream,Google Ads,2025,1,Average CPC,Sports & Recreation,$2.64,2.64,https://www.wordstream.com/blog/2025-google-ads-benchmarks
wordstream_google_2025,WordStream,Google Ads,2025,1,Average CPC,Travel,$2.12,2.12,https://www.wordstream.com/blog/2025-google-ads-benchmarks
wordstream_google_2025,WordStream,Google Ads,2025,2,Average CVR,Animals & Pets,13.07%,13.07,https://www.wordstream.com/blog/2025-google-ads-benchmarks
wordstream_google_2025,WordStream,Google Ads,2025,2,Average CVR,Apparel / Fashion & Jewelry,3.99%,3.99,https://www.wordstream.com/blog/2025-google-ads-benchmarks
wordstream_google_2025,WordStream,Google Ads,2025,2,Average CVR,Arts & Entertainment,4.84%,4.84,https://www.wordstream.com/blog/2025-google-ads-benchmarks
wordstream_google_2025,WordStream,Google Ads,2025,2,Average CVR,Attorneys & Legal Services,5.09%,5.09,https://www.wordstream.com/blog/2025-google-ads-benchmarks
wordstream_google_2025,WordStream,Google Ads,2025,2,Average CVR,Automotive — For Sale,7.76%,7.76,https://www.wordstream.com/blog/2025-google-ads-benchmarks
wordstream_google_2025,WordStream,Google Ads,2025,2,Average CVR,"Automotive — Repair, Service & Parts",14.67%,14.67,https://www.wordstream.com/blog/2025-google-ads-benchmarks
wordstream_google_2025,WordStream,Google Ads,2025,2,Average CVR,Beauty & Personal Care,7.82%,7.82,https://www.wordstream.com/blog/2025-google-ads-benchmarks
wordstream_google_2025,WordStream,Google Ads,2025,2,Average CVR,Business Services,5.14%,5.14,https://www.wordstream.com/blog/2025-google-ads-benchmarks
wordstream_google_2025,WordStream,Google Ads,2025,2,Average CVR,Career & Employment,4.33%,4.33,https://www.wordstream.com/blog/2025-google-ads-benchmarks
wordstream_google_2025,WordStream,Google Ads,2025,2,Average CVR,Dentists & Dental Services,9.08%,9.08,https://www.wordstream.com/blog/2025-google-ads-benchmarks
wordstream_google_2025,WordStream,Google Ads,2025,2,Average CVR,Education & Instruction,11.38%,11.38,https://www.wordstream.com/blog/2025-google-ads-benchmarks
wordstream_google_2025,WordStream,Google Ads,2025,2,Average CVR,Finance & Insurance,2.55%,2.55,https://www.wordstream.com/blog/2025-google-ads-benchmarks
wordstream_google_2025,WordStream,Google Ads,2025,2,Average CVR,Furniture,2.73%,2.73,https://www.wordstream.com/blog/2025-google-ads-benchmarks
wordstream_google_2025,WordStream,Google Ads,2025,2,Average CVR,Health & Fitness,6.80%,6.8,https://www.wordstream.com/blog/2025-google-ads-benchmarks
wordstream_google_2025,WordStream,Google Ads,2025,2,Average CVR,Home & Home Improvement,7.33%,7.33,https://www.wordstream.com/blog/2025-google-ads-benchmarks
wordstream_google_2025,WordStream,Google Ads,2025,2,Average CVR,Industrial & Commercial,7.17%,7.17,https://www.wordstream.com/blog/2025-google-ads-benchmarks
wordstream_google_2025,WordStream,Google Ads,2025,2,Average CVR,Personal Services,9.74%,9.74,https://www.wordstream.com/blog/2025-google-ads-benchmarks
wordstream_google_2025,WordStream,Google Ads,2025,2,Average CVR,Physicians & Surgeons,11.62%,11.62,https://www.wordstream.com/blog/2025-google-ads-benchmarks
wordstream_google_2025,WordStream,Google Ads,2025,2,Average CVR,Real Estate,3.28%,3.28,https://www.wordstream.com/blog/2025-google-ads-benchmarks
wordstream_google_2025,WordStream,Google Ads,2025,2,Average CVR,Restaurants & Food,7.09%,7.09,https://www.wordstream.com/blog/2025-google-ads-benchmarks
wordstream_google_2025,WordStream,Google Ads,2025,2,Average CVR,"Shopping, Collectibles & Gifts",3.83%,3.83,https://www.wordstream.com/blog/2025-google-ads-benchmarks
wordstream_google_2025,WordStream,Google Ads,2025,2,Average CVR,Sports & Recreation,7.62%,7.62,https://www.wordstream.com/blog/2025-google-ads-benchmarks
wordstream_google_2025,WordStream,Google Ads,2025,2,Average CVR,Travel,5.75%,5.75,https://www.wordstream.com/blog/2025-google-ads-benchmarks
wordstream_google_2025,WordStream,Google Ads,2025,3,Average CPL,Animals & Pets,$31.82,31.82,https://www.wordstream.com/blog/2025-google-ads-benchmarks
wordstream_google_2025,WordStream,Google Ads,2025,3,Average CPL,Apparel / Fashion & Jewelry,$101.49,101.49,https://www.wordstream.com/blog/2025-google-ads-benchmarks
wordstream_google_2025,WordStream,Google Ads,2025,3,Average CPL,Arts & Entertainment,$30.27,30.27,https://www.wordstream.com/blog/2025-google-ads-benchmarks
wordstream_google_2025,WordStream,Google Ads,2025,3,Average CPL,Attorneys & Legal Services,$131.63,131.63,https://www.wordstream.com/blog/2025-google-ads-benchmarks
wordstream_google_2025,WordStream,Google Ads,2025,3,Average CPL,Automotive — For Sale,$38.86,38.86,https://www.wordstream.com/blog/2025-google-ads-benchmarks
wordstream_google_2025,WordStream,Google Ads,2025,3,Average CPL,"Automotive — Repair, Service & Parts",$28.50,28.5,https://www.wordstream.com/blog/2025-google-ads-benchmarks
wordstream_google_2025,WordStream,Google Ads,2025,3,Average CPL,Beauty & Personal Care,$60.34,60.34,https://www.wordstream.com/blog/2025-google-ads-benchmarks
wordstream_google_2025,WordStream,Google Ads,2025,3,Average CPL,Business Services,$103.54,103.54,https://www.wordstream.com/blog/2025-google-ads-benchmarks
wordstream_google_2025,WordStream,Google Ads,2025,3,Average CPL,Career & Employment,$62.80,62.8,https://www.wordstream.com/blog/2025-google-ads-benchmarks
wordstream_google_2025,WordStream,Google Ads,2025,3,Average CPL,Dentists & Dental Services,$83.93,83.93,https://www.wordstream.com/blog/2025-google-ads-benchmarks
wordstream_google_2025,WordStream,Google Ads,2025,3,Average CPL,Education & Instruction,$90.02,90.02,https://www.wordstream.com/blog/2025-google-ads-benchmarks
wordstream_google_2025,WordStream,Google Ads,2025,3,Average CPL,Finance & Insurance,$83.93,83.93,https://www.wordstream.com/blog/2025-google-ads-benchmarks
wordstream_google_2025,WordStream,Google Ads,2025,3,Average CPL,Furniture,$121.51,121.51,https://www.wordstream.com/blog/2025-google-ads-benchmarks
wordstream_google_2025,WordStream,Google Ads,2025,3,Average CPL,Health & Fitness,$62.80,62.8,https://www.wordstream.com/blog/2025-google-ads-benchmarks
wordstream_google_2025,WordStream,Google Ads,2025,3,Average CPL,Home & Home Improvement,$90.92,90.92,https://www.wordstream.com/blog/2025-google-ads-benchmarks
wordstream_google_2025,WordStream,Google Ads,2025,3,Average CPL,Industrial & Commercial,$85.63,85.63,https://www.wordstream.com/blog/2025-google-ads-benchmarks
wordstream_google_2025,WordStream,Google Ads,2025,3,Average CPL,Personal Services,$53.52,53.52,https://www.wordstream.com/blog/2025-google-ads-benchmarks
wordstream_google_2025,WordStream,Google Ads,2025,3,Average CPL,Physicians & Surgeons,$56.83,56.83,https://www.wordstream.com/blog/2025-google-ads-benchmarks
wordstream_google_2025,WordStream,Google Ads,2025,3,Average CPL,Real Estate,$100.48,100.48,https://www.wordstream.com/blog/2025-google-ads-benchmarks
wordstream_google_2025,WordStream,Google Ads,2025,3,Average CPL,Restaurants & Food,$30.27,30.27,https://www.wordstream.com/blog/2025-google-ads-benchmarks
wordstream_google_2025,WordStream,Google Ads,2025,3,Average CPL,"Shopping, Collectibles & Gifts",$47.94,47.94,https://www.wordstream.com/blog/2025-google-ads-benchmarks
wordstream_google_2025,WordStream,Google Ads,2025,3,Average CPL,Sports & Recreation,$47.47,47.47,https://www.wordstream.com/blog/2025-google-ads-benchmarks
wordstream_google_2025,WordStream,Google Ads,2025,3,Average CPL,Travel,$73.70,73.7,https://www.wordstream.com/blog/2025-google-ads-benchmarks
wordstream_facebook_2025,WordStream,Facebook Ads,2025,0,Average CTR,Animals & Pets,1.64%,1.64,https://www.wordstream.com/blog/facebook-ads-benchmarks-2025
wordstream_facebook_2025,WordStream,Facebook Ads,2025,0,Average CTR,Apparel / Fashion & Jewelry,1.29%,1.29,https://www.wordstream.com/blog/facebook-ads-benchmarks-2025
wordstream_facebook_2025,WordStream,Facebook Ads,2025,0,Average CTR,Arts & Entertainment,2.10%,2.1,https://www.wordstream.com/blog/facebook-ads-benchmarks-2025
wordstream_facebook_2025,WordStream,Facebook Ads,2025,0,Average CTR,Attorneys & Legal Services,1.76%,1.76,https://www.wordstream.com/blog/facebook-ads-benchmarks-2025
wordstream_facebook_2025,WordStream,Facebook Ads,2025,0,Average CTR,Automotive — For Sale,1.48%,1.48,https://www.wordstream.com/blog/facebook-ads-benchmarks-2025
wordstream_facebook_2025,WordStream,Facebook Ads,2025,0,Average CTR,"Automotive — Repair, Service & Parts",0.80%,0.8,https://www.wordstream.com/blog/facebook-ads-benchmarks-2025
wordstream_facebook_2025,WordStream,Facebook Ads,2025,0,Average CTR,Beauty & Personal Care,1.81%,1.81,https://www.wordstream.com/blog/facebook-ads-benchmarks-2025
wordstream_facebook_2025,WordStream,Facebook Ads,2025,0,Average CTR,Business Services,1.38%,1.38,https://www.wordstream.com/blog/facebook-ads-benchmarks-2025
wordstream_facebook_2025,WordStream,Facebook Ads,2025,0,Average CTR,Education & Instruction,1.45%,1.45,https://www.wordstream.com/blog/facebook-ads-benchmarks-2025
wordstream_facebook_2025,WordStream,Facebook Ads,2025,0,Average CTR,Finance & Insurance,0.98%,0.98,https://www.wordstream.com/blog/facebook-ads-benchmarks-2025
wordstream_facebook_2025,WordStream,Facebook Ads,2025,0,Average CTR,Furniture,1.39%,1.39,https://www.wordstream.com/blog/facebook-ads-benchmarks-2025
wordstream_facebook_2025,WordStream,Facebook Ads,2025,0,Average CTR,Health & Fitness,1.63%,1.63,https://www.wordstream.com/blog/facebook-ads-benchmarks-2025
wordstream_facebook_2025,WordStream,Facebook Ads,2025,0,Average CTR,Home & Home Improvement,1.28%,1.28,https://www.wordstream.com/blog/facebook-ads-benchmarks-2025
wordstream_facebook_2025,WordStream,Facebook Ads,2025,0,Average CTR,Industrial & Commercial,1.36%,1.36,https://www.wordstream.com/blog/facebook-ads-benchmarks-2025
wordstream_facebook_2025,WordStream,Facebook Ads,2025,0,Average CTR,Personal Services,1.70%,1.7,https://www.wordstream.com/blog/facebook-ads-benchmarks-2025
wordstream_facebook_2025,WordStream,Facebook Ads,2025,0,Average CTR,Physicians & Surgeons,0.83%,0.83,https://www.wordstream.com/blog/facebook-ads-benchmarks-2025
wordstream_facebook_2025,WordStream,Facebook Ads,2025,0,Average CTR,Real Estate,1.68%,1.68,https://www.wordstream.com/blog/facebook-ads-benchmarks-2025
wordstream_facebook_2025,WordStream,Facebook Ads,2025,0,Average CTR,Restaurants & Food,1.67%,1.67,https://www.wordstream.com/blog/facebook-ads-benchmarks-2025
wordstream_facebook_2025,WordStream,Facebook Ads,2025,0,Average CTR,"Shopping, Collectibles & Gifts",4.13%,4.13,https://www.wordstream.com/blog/facebook-ads-benchmarks-2025
wordstream_facebook_2025,WordStream,Facebook Ads,2025,0,Average CTR,Sports & Recreation,2.60%,2.6,https://www.wordstream.com/blog/facebook-ads-benchmarks-2025
wordstream_facebook_2025,WordStream,Facebook Ads,2025,0,Average CTR,Travel,2.76%,2.76,https://www.wordstream.com/blog/facebook-ads-benchmarks-2025
wordstream_facebook_2025,WordStream,Facebook Ads,2025,1,Average CPC,Animals & Pets,$0.78,0.78,https://www.wordstream.com/blog/facebook-ads-benchmarks-2025
wordstream_facebook_2025,WordStream,Facebook Ads,2025,1,Average CPC,Apparel / Fashion & Jewelry,$0.86,0.86,https://www.wordstream.com/blog/facebook-ads-benchmarks-2025
wordstream_facebook_2025,WordStream,Facebook Ads,2025,1,Average CPC,Arts & Entertainment,$0.49,0.49,https://www.wordstream.com/blog/facebook-ads-benchmarks-2025
wordstream_facebook_2025,WordStream,Facebook Ads,2025,1,Average CPC,Attorneys & Legal Services,$0.86,0.86,https://www.wordstream.com/blog/facebook-ads-benchmarks-2025
wordstream_facebook_2025,WordStream,Facebook Ads,2025,1,Average CPC,Automotive — For Sale,$0.79,0.79,https://www.wordstream.com/blog/facebook-ads-benchmarks-2025
wordstream_facebook_2025,WordStream,Facebook Ads,2025,1,Average CPC,"Automotive — Repair, Service & Parts",$0.81,0.81,https://www.wordstream.com/blog/facebook-ads-benchmarks-2025
wordstream_facebook_2025,WordStream,Facebook Ads,2025,1,Average CPC,Beauty & Personal Care,$0.74,0.74,https://www.wordstream.com/blog/facebook-ads-benchmarks-2025
wordstream_facebook_2025,WordStream,Facebook Ads,2025,1,Average CPC,Business Services,$0.75,0.75,https://www.wordstream.com/blog/facebook-ads-benchmarks-2025
wordstream_facebook_2025,WordStream,Facebook Ads,2025,1,Average CPC,Education & Instruction,$0.86,0.86,https://www.wordstream.com/blog/facebook-ads-benchmarks-2025
wordstream_facebook_2025,WordStream,Facebook Ads,2025,1,Average CPC,Finance & Insurance,$1.22,1.22,https://www.wordstream.com/blog/facebook-ads-benchmarks-2025
wordstream_facebook_2025,WordStream,Facebook Ads,2025,1,Average CPC,Furniture,$0.85,0.85,https://www.wordstream.com/blog/facebook-ads-benchmarks-2025
wordstream_facebook_2025,WordStream,Facebook Ads,2025,1,Average CPC,Health & Fitness,$0.80,0.8,https://www.wordstream.com/blog/facebook-ads-benchmarks-2025
wordstream_facebook_2025,WordStream,Facebook Ads,2025,1,Average CPC,Home & Home Improvement,$0.99,0.99,https://www.wordstream.com/blog/facebook-ads-benchmarks-2025
wordstream_facebook_2025,WordStream,Facebook Ads,2025,1,Average CPC,Industrial & Commercial,$0.86,0.86,https://www.wordstream.com/blog/facebook-ads-benchmarks-2025
wordstream_facebook_2025,WordStream,Facebook Ads,2025,1,Average CPC,Personal Services,$1.00,1.0,https://www.wordstream.com/blog/facebook-ads-benchmarks-2025
wordstream_facebook_2025,WordStream,Facebook Ads,2025,1,Average CPC,Physicians & Surgeons,$0.82,0.82,https://www.wordstream.com/blog/facebook-ads-benchmarks-2025
wordstream_facebook_2025,WordStream,Facebook Ads,2025,1,Average CPC,Real Estate,$0.91,0.91,https://www.wordstream.com/blog/facebook-ads-benchmarks-2025
wordstream_facebook_2025,WordStream,Facebook Ads,2025,1,Average CPC,Restaurants & Food,$0.72,0.72,https://www.wordstream.com/blog/facebook-ads-benchmarks-2025
wordstream_facebook_2025,WordStream,Facebook Ads,2025,1,Average CPC,"Shopping, Collectibles & Gifts",$0.34,0.34,https://www.wordstream.com/blog/facebook-ads-benchmarks-2025
wordstream_facebook_2025,WordStream,Facebook Ads,2025,1,Average CPC,Sports & Recreation,$0.41,0.41,https://www.wordstream.com/blog/facebook-ads-benchmarks-2025
wordstream_facebook_2025,WordStream,Facebook Ads,2025,1,Average CPC,Travel,$0.51,0.51,https://www.wordstream.com/blog/facebook-ads-benchmarks-2025
wordstream_facebook_2025,WordStream,Facebook Ads,2025,2,Average CTR,Arts & Entertainment,3.92%,3.92,https://www.wordstream.com/blog/facebook-ads-benchmarks-2025
wordstream_facebook_2025,WordStream,Facebook Ads,2025,2,Average CTR,Attorneys & Legal Services,2.11%,2.11,https://www.wordstream.com/blog/facebook-ads-benchmarks-2025
wordstream_facebook_2025,WordStream,Facebook Ads,2025,2,Average CTR,Beauty & Personal Care,2.55%,2.55,https://www.wordstream.com/blog/facebook-ads-benchmarks-2025
wordstream_facebook_2025,WordStream,Facebook Ads,2025,2,Average CTR,Career & Employment,2.81%,2.81,https://www.wordstream.com/blog/facebook-ads-benchmarks-2025
wordstream_facebook_2025,WordStream,Facebook Ads,2025,2,Average CTR,Dentists & Dental Services,1.05%,1.05,https://www.wordstream.com/blog/facebook-ads-benchmarks-2025
wordstream_facebook_2025,WordStream,Facebook Ads,2025,2,Average CTR,Education & Instruction,1.86%,1.86,https://www.wordstream.com/blog/facebook-ads-benchmarks-2025
wordstream_facebook_2025,WordStream,Facebook Ads,2025,2,Average CTR,Furniture,1.48%,1.48,https://www.wordstream.com/blog/facebook-ads-benchmarks-2025
wordstream_facebook_2025,WordStream,Facebook Ads,2025,2,Average CTR,Health & Fitness,1.72%,1.72,https://www.wordstream.com/blog/facebook-ads-benchmarks-2025
wordstream_facebook_2025,WordStream,Facebook Ads,2025,2,Average CTR,Home & Home Improvement,1.94%,1.94,https://www.wordstream.com/blog/facebook-ads-benchmarks-2025
wordstream_facebook_2025,WordStream,Facebook Ads,2025,2,Average CTR,Industrial & Commercial,2.08%,2.08,https://www.wordstream.com/blog/facebook-ads-benchmarks-2025
wordstream_facebook_2025,WordStream,Facebook Ads,2025,2,Average CTR,Personal Services,1.99%,1.99,https://www.wordstream.com/blog/facebook-ads-benchmarks-2025
wordstream_facebook_2025,WordStream,Facebook Ads,2025,2,Average CTR,Physicians & Surgeons,3.02%,3.02,https://www.wordstream.com/blog/facebook-ads-benchmarks-2025
wordstream_facebook_2025,WordStream,Facebook Ads,2025,2,Average CTR,Real Estate,3.75%,3.75,https://www.wordstream.com/blog/facebook-ads-benchmarks-2025
wordstream_facebook_2025,WordStream,Facebook Ads,2025,2,Average CTR,Restaurants & Food,2.97%,2.97,https://www.wordstream.com/blog/facebook-ads-benchmarks-2025
wordstream_facebook_2025,WordStream,Facebook Ads,2025,2,Average CTR,Sports & Recreation,3.41%,3.41,https://www.wordstream.com/blog/facebook-ads-benchmarks-2025
wordstream_facebook_2025,WordStream,Facebook Ads,2025,3,Average CPC,Arts & Entertainment,$1.08,1.08,https://www.wordstream.com/blog/facebook-ads-benchmarks-2025
wordstream_facebook_2025,WordStream,Facebook Ads,2025,3,Average CPC,Attorneys & Legal Services,$4.10,4.1,https://www.wordstream.com/blog/facebook-ads-benchmarks-2025
wordstream_facebook_2025,WordStream,Facebook Ads,2025,3,Average CPC,Beauty & Personal Care,$3.06,3.06,https://www.wordstream.com/blog/facebook-ads-benchmarks-2025
wordstream_facebook_2025,WordStream,Facebook Ads,2025,3,Average CPC,Career & Employment,$0.86,0.86,https://www.wordstream.com/blog/facebook-ads-benchmarks-2025
wordstream_facebook_2025,WordStream,Facebook Ads,2025,3,Average CPC,Dentists & Dental Services,$9.78,9.78,https://www.wordstream.com/blog/facebook-ads-benchmarks-2025
wordstream_facebook_2025,WordStream,Facebook Ads,2025,3,Average CPC,Education & Instruction,$1.65,1.65,https://www.wordstream.com/blog/facebook-ads-benchmarks-2025
wordstream_facebook_2025,WordStream,Facebook Ads,2025,3,Average CPC,Furniture,$2.18,2.18,https://www.wordstream.com/blog/facebook-ads-benchmarks-2025
wordstream_facebook_2025,WordStream,Facebook Ads,2025,3,Average CPC,Health & Fitness,$2.64,2.64,https://www.wordstream.com/blog/facebook-ads-benchmarks-2025
wordstream_facebook_2025,WordStream,Facebook Ads,2025,3,Average CPC,Home & Home Improvement,$2.23,2.23,https://www.wordstream.com/blog/facebook-ads-benchmarks-2025
wordstream_facebook_2025,WordStream,Facebook Ads,2025,3,Average CPC,Industrial & Commercial,$1.80,1.8,https://www.wordstream.com/blog/facebook-ads-benchmarks-2025
wordstream_facebook_2025,WordStream,Facebook Ads,2025,3,Average CPC,Personal Services,$2.08,2.08,https://www.wordstream.com/blog/facebook-ads-benchmarks-2025
wordstream_facebook_2025,WordStream,Facebook Ads,2025,3,Average CPC,Physicians & Surgeons,$2.23,2.23,https://www.wordstream.com/blog/facebook-ads-benchmarks-2025
wordstream_facebook_2025,WordStream,Facebook Ads,2025,3,Average CPC,Real Estate,$1.57,1.57,https://www.wordstream.com/blog/facebook-ads-benchmarks-2025
wordstream_facebook_2025,WordStream,Facebook Ads,2025,3,Average CPC,Restaurants & Food,$0.74,0.74,https://www.wordstream.com/blog/facebook-ads-benchmarks-2025
wordstream_facebook_2025,WordStream,Facebook Ads,2025,3,Average CPC,Sports & Recreation,$1.07,1.07,https://www.wordstream.com/blog/facebook-ads-benchmarks-2025
wordstream_facebook_2025,WordStream,Facebook Ads,2025,4,Average CVR,Arts & Entertainment,9.34%,9.34,https://www.wordstream.com/blog/facebook-ads-benchmarks-2025
wordstream_facebook_2025,WordStream,Facebook Ads,2025,4,Average CVR,Attorneys & Legal Services,10.53%,10.53,https://www.wordstream.com/blog/facebook-ads-benchmarks-2025
wordstream_facebook_2025,WordStream,Facebook Ads,2025,4,Average CVR,Beauty & Personal Care,5.29%,5.29,https://www.wordstream.com/blog/facebook-ads-benchmarks-2025
wordstream_facebook_2025,WordStream,Facebook Ads,2025,4,Average CVR,Career & Employment,5.77%,5.77,https://www.wordstream.com/blog/facebook-ads-benchmarks-2025
wordstream_facebook_2025,WordStream,Facebook Ads,2025,4,Average CVR,Dentists & Dental Services,6.38%,6.38,https://www.wordstream.com/blog/facebook-ads-benchmarks-2025
wordstream_facebook_2025,WordStream,Facebook Ads,2025,4,Average CVR,Education & Instruction,10.08%,10.08,https://www.wordstream.com/blog/facebook-ads-benchmarks-2025
wordstream_facebook_2025,WordStream,Facebook Ads,2025,4,Average CVR,Furniture,3.77%,3.77,https://www.wordstream.com/blog/facebook-ads-benchmarks-2025
wordstream_facebook_2025,WordStream,Facebook Ads,2025,4,Average CVR,Health & Fitness,5.63%,5.63,https://www.wordstream.com/blog/facebook-ads-benchmarks-2025
wordstream_facebook_2025,WordStream,Facebook Ads,2025,4,Average CVR,Home & Home Improvement,5.22%,5.22,https://www.wordstream.com/blog/facebook-ads-benchmarks-2025
wordstream_facebook_2025,WordStream,Facebook Ads,2025,4,Average CVR,Industrial & Commercial,9.34%,9.34,https://www.wordstream.com/blog/facebook-ads-benchmarks-2025
wordstream_facebook_2025,WordStream,Facebook Ads,2025,4,Average CVR,Personal Services,6.51%,6.51,https://www.wordstream.com/blog/facebook-ads-benchmarks-2025
wordstream_facebook_2025,WordStream,Facebook Ads,2025,4,Average CVR,Physicians & Surgeons,4.51%,4.51,https://www.wordstream.com/blog/facebook-ads-benchmarks-2025
wordstream_facebook_2025,WordStream,Facebook Ads,2025,4,Average CVR,Real Estate,9.53%,9.53,https://www.wordstream.com/blog/facebook-ads-benchmarks-2025
wordstream_facebook_2025,WordStream,Facebook Ads,2025,4,Average CVR,Restaurants & Food,18.25%,18.25,https://www.wordstream.com/blog/facebook-ads-benchmarks-2025
wordstream_facebook_2025,WordStream,Facebook Ads,2025,4,Average CVR,Sports & Recreation,5.48%,5.48,https://www.wordstream.com/blog/facebook-ads-benchmarks-2025
wordstream_facebook_2025,WordStream,Facebook Ads,2025,5,Average CPL,Arts & Entertainment,$18.17,18.17,https://www.wordstream.com/blog/facebook-ads-benchmarks-2025
wordstream_facebook_2025,WordStream,Facebook Ads,2025,5,Average CPL,Attorneys & Legal Services,$18.17,18.17,https://www.wordstream.com/blog/facebook-ads-benchmarks-2025
wordstream_facebook_2025,WordStream,Facebook Ads,2025,5,Average CPL,Beauty & Personal Care,$51.42,51.42,https://www.wordstream.com/blog/facebook-ads-benchmarks-2025
wordstream_facebook_2025,WordStream,Facebook Ads,2025,5,Average CPL,Career & Employment,$17.64,17.64,https://www.wordstream.com/blog/facebook-ads-benchmarks-2025
wordstream_facebook_2025,WordStream,Facebook Ads,2025,5,Average CPL,Dentists & Dental Services,$76.71,76.71,https://www.wordstream.com/blog/facebook-ads-benchmarks-2025
wordstream_facebook_2025,WordStream,Facebook Ads,2025,5,Average CPL,Education & Instruction,$28.22,28.22,https://www.wordstream.com/blog/facebook-ads-benchmarks-2025
wordstream_facebook_2025,WordStream,Facebook Ads,2025,5,Average CPL,Furniture,$40.04,40.04,https://www.wordstream.com/blog/facebook-ads-benchmarks-2025
wordstream_facebook_2025,WordStream,Facebook Ads,2025,5,Average CPL,Health & Fitness,$52.98,52.98,https://www.wordstream.com/blog/facebook-ads-benchmarks-2025
wordstream_facebook_2025,WordStream,Facebook Ads,2025,5,Average CPL,Home & Home Improvement,$41.26,41.26,https://www.wordstream.com/blog/facebook-ads-benchmarks-2025
wordstream_facebook_2025,WordStream,Facebook Ads,2025,5,Average CPL,Industrial & Commercial,$37.34,37.34,https://www.wordstream.com/blog/facebook-ads-benchmarks-2025
wordstream_facebook_2025,WordStream,Facebook Ads,2025,5,Average CPL,"Personal Services (Weddings, Cleaners, etc.)",$30.57,30.57,https://www.wordstream.com/blog/facebook-ads-benchmarks-2025
wordstream_facebook_2025,WordStream,Facebook Ads,2025,5,Average CPL,Physicians & Surgeons,$47.47,47.47,https://www.wordstream.com/blog/facebook-ads-benchmarks-2025
wordstream_facebook_2025,WordStream,Facebook Ads,2025,5,Average CPL,Real Estate,$16.61,16.61,https://www.wordstream.com/blog/facebook-ads-benchmarks-2025
wordstream_facebook_2025,WordStream,Facebook Ads,2025,5,Average CPL,Restaurants & Food,$3.16,3.16,https://www.wordstream.com/blog/facebook-ads-benchmarks-2025
wordstream_facebook_2025,WordStream,Facebook Ads,2025,5,Average CPL,Sports & Recreation,$19.30,19.3,https://www.wordstream.com/blog/facebook-ads-benchmarks-2025
localiq_busqueda_2026,LocaliQ,Búsqueda (Google/Microsoft),2026,0,Average CPC,Animals & Pets,$4.06,4.06,https://localiq.com/blog/search-advertising-benchmarks/
localiq_busqueda_2026,LocaliQ,Búsqueda (Google/Microsoft),2026,0,Average CPC,Apparel / Fashion & Jewelry,$4.44,4.44,https://localiq.com/blog/search-advertising-benchmarks/
localiq_busqueda_2026,LocaliQ,Búsqueda (Google/Microsoft),2026,0,Average CPC,Arts & Entertainment,$1.63,1.63,https://localiq.com/blog/search-advertising-benchmarks/
localiq_busqueda_2026,LocaliQ,Búsqueda (Google/Microsoft),2026,0,Average CPC,Attorneys & Legal Services,$9.87,9.87,https://localiq.com/blog/search-advertising-benchmarks/
localiq_busqueda_2026,LocaliQ,Búsqueda (Google/Microsoft),2026,0,Average CPC,Automotive — For Sale,$2.27,2.27,https://localiq.com/blog/search-advertising-benchmarks/
localiq_busqueda_2026,LocaliQ,Búsqueda (Google/Microsoft),2026,0,Average CPC,"Automotive — Repair, Service & Parts",$4.35,4.35,https://localiq.com/blog/search-advertising-benchmarks/
localiq_busqueda_2026,LocaliQ,Búsqueda (Google/Microsoft),2026,0,Average CPC,Beauty & Personal Care,$4.62,4.62,https://localiq.com/blog/search-advertising-benchmarks/
localiq_busqueda_2026,LocaliQ,Búsqueda (Google/Microsoft),2026,0,Average CPC,Business Services,$5.87,5.87,https://localiq.com/blog/search-advertising-benchmarks/
localiq_busqueda_2026,LocaliQ,Búsqueda (Google/Microsoft),2026,0,Average CPC,Career & Employment,$5.81,5.81,https://localiq.com/blog/search-advertising-benchmarks/
localiq_busqueda_2026,LocaliQ,Búsqueda (Google/Microsoft),2026,0,Average CPC,Dentists & Dental Services,$8.00,8.0,https://localiq.com/blog/search-advertising-benchmarks/
localiq_busqueda_2026,LocaliQ,Búsqueda (Google/Microsoft),2026,0,Average CPC,Education & Instruction,$4.81,4.81,https://localiq.com/blog/search-advertising-benchmarks/
localiq_busqueda_2026,LocaliQ,Búsqueda (Google/Microsoft),2026,0,Average CPC,Finance & Insurance,$3.39,3.39,https://localiq.com/blog/search-advertising-benchmarks/
localiq_busqueda_2026,LocaliQ,Búsqueda (Google/Microsoft),2026,0,Average CPC,Furniture,$3.97,3.97,https://localiq.com/blog/search-advertising-benchmarks/
localiq_busqueda_2026,LocaliQ,Búsqueda (Google/Microsoft),2026,0,Average CPC,Health & Fitness,$6.17,6.17,https://localiq.com/blog/search-advertising-benchmarks/
localiq_busqueda_2026,LocaliQ,Búsqueda (Google/Microsoft),2026,0,Average CPC,Home & Home Improvement,$8.33,8.33,https://localiq.com/blog/search-advertising-benchmarks/
localiq_busqueda_2026,LocaliQ,Búsqueda (Google/Microsoft),2026,0,Average CPC,Industrial & Commercial,$5.87,5.87,https://localiq.com/blog/search-advertising-benchmarks/
localiq_busqueda_2026,LocaliQ,Búsqueda (Google/Microsoft),2026,0,Average CPC,Personal Services,$7.17,7.17,https://localiq.com/blog/search-advertising-benchmarks/
localiq_busqueda_2026,LocaliQ,Búsqueda (Google/Microsoft),2026,0,Average CPC,Physicians & Surgeons,$4.76,4.76,https://localiq.com/blog/search-advertising-benchmarks/
localiq_busqueda_2026,LocaliQ,Búsqueda (Google/Microsoft),2026,0,Average CPC,Real Estate,$3.22,3.22,https://localiq.com/blog/search-advertising-benchmarks/
localiq_busqueda_2026,LocaliQ,Búsqueda (Google/Microsoft),2026,0,Average CPC,Restaurants & Food,$2.05,2.05,https://localiq.com/blog/search-advertising-benchmarks/
localiq_busqueda_2026,LocaliQ,Búsqueda (Google/Microsoft),2026,0,Average CPC,"Shopping, Collectibles & Gifts",$4.14,4.14,https://localiq.com/blog/search-advertising-benchmarks/
localiq_busqueda_2026,LocaliQ,Búsqueda (Google/Microsoft),2026,0,Average CPC,Sports & Recreation,$2.77,2.77,https://localiq.com/blog/search-advertising-benchmarks/
localiq_busqueda_2026,LocaliQ,Búsqueda (Google/Microsoft),2026,0,Average CPC,Travel,$2.14,2.14,https://localiq.com/blog/search-advertising-benchmarks/
localiq_busqueda_2026,LocaliQ,Búsqueda (Google/Microsoft),2026,1,Average CTR,Animals & Pets,7.49%,7.49,https://localiq.com/blog/search-advertising-benchmarks/
localiq_busqueda_2026,LocaliQ,Búsqueda (Google/Microsoft),2026,1,Average CTR,Apparel / Fashion & Jewelry,6.64%,6.64,https://localiq.com/blog/search-advertising-benchmarks/
localiq_busqueda_2026,LocaliQ,Búsqueda (Google/Microsoft),2026,1,Average CTR,Arts & Entertainment,12.75%,12.75,https://localiq.com/blog/search-advertising-benchmarks/
localiq_busqueda_2026,LocaliQ,Búsqueda (Google/Microsoft),2026,1,Average CTR,Attorneys & Legal Services,5.87%,5.87,https://localiq.com/blog/search-advertising-benchmarks/
localiq_busqueda_2026,LocaliQ,Búsqueda (Google/Microsoft),2026,1,Average CTR,Automotive — For Sale,8.28%,8.28,https://localiq.com/blog/search-advertising-benchmarks/
localiq_busqueda_2026,LocaliQ,Búsqueda (Google/Microsoft),2026,1,Average CTR,"Automotive — Repair, Service & Parts",5.56%,5.56,https://localiq.com/blog/search-advertising-benchmarks/
localiq_busqueda_2026,LocaliQ,Búsqueda (Google/Microsoft),2026,1,Average CTR,Beauty & Personal Care,6.75%,6.75,https://localiq.com/blog/search-advertising-benchmarks/
localiq_busqueda_2026,LocaliQ,Búsqueda (Google/Microsoft),2026,1,Average CTR,Business Services,6.10%,6.1,https://localiq.com/blog/search-advertising-benchmarks/
localiq_busqueda_2026,LocaliQ,Búsqueda (Google/Microsoft),2026,1,Average CTR,Career & Employment,5.88%,5.88,https://localiq.com/blog/search-advertising-benchmarks/
localiq_busqueda_2026,LocaliQ,Búsqueda (Google/Microsoft),2026,1,Average CTR,Dentists & Dental Services,5.66%,5.66,https://localiq.com/blog/search-advertising-benchmarks/
localiq_busqueda_2026,LocaliQ,Búsqueda (Google/Microsoft),2026,1,Average CTR,Education & Instruction,7.56%,7.56,https://localiq.com/blog/search-advertising-benchmarks/
localiq_busqueda_2026,LocaliQ,Búsqueda (Google/Microsoft),2026,1,Average CTR,Finance & Insurance,9.83%,9.83,https://localiq.com/blog/search-advertising-benchmarks/
localiq_busqueda_2026,LocaliQ,Búsqueda (Google/Microsoft),2026,1,Average CTR,Furniture,6.57%,6.57,https://localiq.com/blog/search-advertising-benchmarks/
localiq_busqueda_2026,LocaliQ,Búsqueda (Google/Microsoft),2026,1,Average CTR,Health & Fitness,5.81%,5.81,https://localiq.com/blog/search-advertising-benchmarks/
localiq_busqueda_2026,LocaliQ,Búsqueda (Google/Microsoft),2026,1,Average CTR,Home & Home Improvement,6.47%,6.47,https://localiq.com/blog/search-advertising-benchmarks/
localiq_busqueda_2026,LocaliQ,Búsqueda (Google/Microsoft),2026,1,Average CTR,Industrial & Commercial,6.57%,6.57,https://localiq.com/blog/search-advertising-benchmarks/
localiq_busqueda_2026,LocaliQ,Búsqueda (Google/Microsoft),2026,1,Average CTR,Personal Services,7.16%,7.16,https://localiq.com/blog/search-advertising-benchmarks/
localiq_busqueda_2026,LocaliQ,Búsqueda (Google/Microsoft),2026,1,Average CTR,Physicians & Surgeons,6.61%,6.61,https://localiq.com/blog/search-advertising-benchmarks/
localiq_busqueda_2026,LocaliQ,Búsqueda (Google/Microsoft),2026,1,Average CTR,Real Estate,7.61%,7.61,https://localiq.com/blog/search-advertising-benchmarks/
localiq_busqueda_2026,LocaliQ,Búsqueda (Google/Microsoft),2026,1,Average CTR,Restaurants & Food,6.83%,6.83,https://localiq.com/blog/search-advertising-benchmarks/
localiq_busqueda_2026,LocaliQ,Búsqueda (Google/Microsoft),2026,1,Average CTR,"Shopping, Collectibles & Gifts",8.28%,8.28,https://localiq.com/blog/search-advertising-benchmarks/
localiq_busqueda_2026,LocaliQ,Búsqueda (Google/Microsoft),2026,1,Average CTR,Sports & Recreation,8.75%,8.75,https://localiq.com/blog/search-advertising-benchmarks/
localiq_busqueda_2026,LocaliQ,Búsqueda (Google/Microsoft),2026,1,Average CTR,Travel,9.32%,9.32,https://localiq.com/blog/search-advertising-benchmarks/
localiq_busqueda_2026,LocaliQ,Búsqueda (Google/Microsoft),2026,2,Average CPL,Animals & Pets,$31.50,31.5,https://localiq.com/blog/search-advertising-benchmarks/
localiq_busqueda_2026,LocaliQ,Búsqueda (Google/Microsoft),2026,2,Average CPL,Apparel / Fashion & Jewelry,$97.51,97.51,https://localiq.com/blog/search-advertising-benchmarks/
localiq_busqueda_2026,LocaliQ,Búsqueda (Google/Microsoft),2026,2,Average CPL,Arts & Entertainment,$26.84,26.84,https://localiq.com/blog/search-advertising-benchmarks/
localiq_busqueda_2026,LocaliQ,Búsqueda (Google/Microsoft),2026,2,Average CPL,Attorneys & Legal Services,$131.63,131.63,https://localiq.com/blog/search-advertising-benchmarks/
localiq_busqueda_2026,LocaliQ,Búsqueda (Google/Microsoft),2026,2,Average CPL,Automotive — For Sale,$44.26,44.26,https://localiq.com/blog/search-advertising-benchmarks/
localiq_busqueda_2026,LocaliQ,Búsqueda (Google/Microsoft),2026,2,Average CPL,"Automotive — Repair, Service & Parts",$29.96,29.96,https://localiq.com/blog/search-advertising-benchmarks/
localiq_busqueda_2026,LocaliQ,Búsqueda (Google/Microsoft),2026,2,Average CPL,Beauty & Personal Care,$39.25,39.25,https://localiq.com/blog/search-advertising-benchmarks/
localiq_busqueda_2026,LocaliQ,Búsqueda (Google/Microsoft),2026,2,Average CPL,Business Services,$93.69,93.69,https://localiq.com/blog/search-advertising-benchmarks/
localiq_busqueda_2026,LocaliQ,Búsqueda (Google/Microsoft),2026,2,Average CPL,Career & Employment,$67.36,67.36,https://localiq.com/blog/search-advertising-benchmarks/
localiq_busqueda_2026,LocaliQ,Búsqueda (Google/Microsoft),2026,2,Average CPL,Dentists & Dental Services,$72.97,72.97,https://localiq.com/blog/search-advertising-benchmarks/
localiq_busqueda_2026,LocaliQ,Búsqueda (Google/Microsoft),2026,2,Average CPL,Education & Instruction,$77.48,77.48,https://localiq.com/blog/search-advertising-benchmarks/
localiq_busqueda_2026,LocaliQ,Búsqueda (Google/Microsoft),2026,2,Average CPL,Finance & Insurance,$74.44,74.44,https://localiq.com/blog/search-advertising-benchmarks/
localiq_busqueda_2026,LocaliQ,Búsqueda (Google/Microsoft),2026,2,Average CPL,Furniture,$106.70,106.7,https://localiq.com/blog/search-advertising-benchmarks/
localiq_busqueda_2026,LocaliQ,Búsqueda (Google/Microsoft),2026,2,Average CPL,Health & Fitness,$67.36,67.36,https://localiq.com/blog/search-advertising-benchmarks/
localiq_busqueda_2026,LocaliQ,Búsqueda (Google/Microsoft),2026,2,Average CPL,Home & Home Improvement,$90.92,90.92,https://localiq.com/blog/search-advertising-benchmarks/
localiq_busqueda_2026,LocaliQ,Búsqueda (Google/Microsoft),2026,2,Average CPL,Industrial & Commercial,$75.19,75.19,https://localiq.com/blog/search-advertising-benchmarks/
localiq_busqueda_2026,LocaliQ,Búsqueda (Google/Microsoft),2026,2,Average CPL,Personal Services,$54.60,54.6,https://localiq.com/blog/search-advertising-benchmarks/
localiq_busqueda_2026,LocaliQ,Búsqueda (Google/Microsoft),2026,2,Average CPL,Physicians & Surgeons,$40.04,40.04,https://localiq.com/blog/search-advertising-benchmarks/
localiq_busqueda_2026,LocaliQ,Búsqueda (Google/Microsoft),2026,2,Average CPL,Real Estate,$102.51,102.51,https://localiq.com/blog/search-advertising-benchmarks/
localiq_busqueda_2026,LocaliQ,Búsqueda (Google/Microsoft),2026,2,Average CPL,Restaurants & Food,$30.57,30.57,https://localiq.com/blog/search-advertising-benchmarks/
localiq_busqueda_2026,LocaliQ,Búsqueda (Google/Microsoft),2026,2,Average CPL,"Shopping, Collectibles & Gifts",$49.40,49.4,https://localiq.com/blog/search-advertising-benchmarks/
localiq_busqueda_2026,LocaliQ,Búsqueda (Google/Microsoft),2026,2,Average CPL,Sports & Recreation,$44.26,44.26,https://localiq.com/blog/search-advertising-benchmarks/
localiq_busqueda_2026,LocaliQ,Búsqueda (Google/Microsoft),2026,2,Average CPL,Travel,$44.70,44.7,https://localiq.com/blog/search-advertising-benchmarks/
localiq_busqueda_2026,LocaliQ,Búsqueda (Google/Microsoft),2026,3,Average CVR,Animals & Pets,16.22%,16.22,https://localiq.com/blog/search-advertising-benchmarks/
localiq_busqueda_2026,LocaliQ,Búsqueda (Google/Microsoft),2026,3,Average CVR,Apparel / Fashion & Jewelry,4.50%,4.5,https://localiq.com/blog/search-advertising-benchmarks/
localiq_busqueda_2026,LocaliQ,Búsqueda (Google/Microsoft),2026,3,Average CVR,Arts & Entertainment,5.91%,5.91,https://localiq.com/blog/search-advertising-benchmarks/
localiq_busqueda_2026,LocaliQ,Búsqueda (Google/Microsoft),2026,3,Average CVR,Attorneys & Legal Services,5.55%,5.55,https://localiq.com/blog/search-advertising-benchmarks/
localiq_busqueda_2026,LocaliQ,Búsqueda (Google/Microsoft),2026,3,Average CVR,Automotive — For Sale,6.01%,6.01,https://localiq.com/blog/search-advertising-benchmarks/
localiq_busqueda_2026,LocaliQ,Búsqueda (Google/Microsoft),2026,3,Average CVR,"Automotive — Repair, Service & Parts",15.51%,15.51,https://localiq.com/blog/search-advertising-benchmarks/
localiq_busqueda_2026,LocaliQ,Búsqueda (Google/Microsoft),2026,3,Average CVR,Beauty & Personal Care,10.35%,10.35,https://localiq.com/blog/search-advertising-benchmarks/
localiq_busqueda_2026,LocaliQ,Búsqueda (Google/Microsoft),2026,3,Average CVR,Business Services,4.85%,4.85,https://localiq.com/blog/search-advertising-benchmarks/
localiq_busqueda_2026,LocaliQ,Búsqueda (Google/Microsoft),2026,3,Average CVR,Career & Employment,3.05%,3.05,https://localiq.com/blog/search-advertising-benchmarks/
localiq_busqueda_2026,LocaliQ,Búsqueda (Google/Microsoft),2026,3,Average CVR,Dentists & Dental Services,10.67%,10.67,https://localiq.com/blog/search-advertising-benchmarks/
localiq_busqueda_2026,LocaliQ,Búsqueda (Google/Microsoft),2026,3,Average CVR,Education & Instruction,13.14%,13.14,https://localiq.com/blog/search-advertising-benchmarks/
localiq_busqueda_2026,LocaliQ,Búsqueda (Google/Microsoft),2026,3,Average CVR,Finance & Insurance,2.64%,2.64,https://localiq.com/blog/search-advertising-benchmarks/
localiq_busqueda_2026,LocaliQ,Búsqueda (Google/Microsoft),2026,3,Average CVR,Furniture,2.99%,2.99,https://localiq.com/blog/search-advertising-benchmarks/
localiq_busqueda_2026,LocaliQ,Búsqueda (Google/Microsoft),2026,3,Average CVR,Health & Fitness,6.94%,6.94,https://localiq.com/blog/search-advertising-benchmarks/
localiq_busqueda_2026,LocaliQ,Búsqueda (Google/Microsoft),2026,3,Average CVR,Home & Home Improvement,8.05%,8.05,https://localiq.com/blog/search-advertising-benchmarks/
localiq_busqueda_2026,LocaliQ,Búsqueda (Google/Microsoft),2026,3,Average CVR,Industrial & Commercial,8.20%,8.2,https://localiq.com/blog/search-advertising-benchmarks/
localiq_busqueda_2026,LocaliQ,Búsqueda (Google/Microsoft),2026,3,Average CVR,Personal Services,12.34%,12.34,https://localiq.com/blog/search-advertising-benchmarks/
localiq_busqueda_2026,LocaliQ,Búsqueda (Google/Microsoft),2026,3,Average CVR,Physicians & Surgeons,12.43%,12.43,https://localiq.com/blog/search-advertising-benchmarks/
localiq_busqueda_2026,LocaliQ,Búsqueda (Google/Microsoft),2026,3,Average CVR,Real Estate,3.70%,3.7,https://localiq.com/blog/search-advertising-benchmarks/
localiq_busqueda_2026,LocaliQ,Búsqueda (Google/Microsoft),2026,3,Average CVR,Restaurants & Food,8.05%,8.05,https://localiq.com/blog/search-advertising-benchmarks/
localiq_busqueda_2026,LocaliQ,Búsqueda (Google/Microsoft),2026,3,Average CVR,"Shopping, Collectibles & Gifts",4.01%,4.01,https://localiq.com/blog/search-advertising-benchmarks/
localiq_busqueda_2026,LocaliQ,Búsqueda (Google/Microsoft),2026,3,Average CVR,Sports & Recreation,7.69%,7.69,https://localiq.com/blog/search-advertising-benchmarks/
localiq_busqueda_2026,LocaliQ,Búsqueda (Google/Microsoft),2026,3,Average CVR,Travel,5.83%,5.83,https://localiq.com/blog/search-advertising-benchmarks/
localiq_facebook_2026,LocaliQ,Facebook Ads,2026,0,Average CTR,Animals & Pets,1.85%,1.85,https://localiq.com/blog/facebook-advertising-benchmarks/
localiq_facebook_2026,LocaliQ,Facebook Ads,2026,0,Average CTR,Apparel / Fashion & Jewelry,1.51%,1.51,https://localiq.com/blog/facebook-advertising-benchmarks/
localiq_facebook_2026,LocaliQ,Facebook Ads,2026,0,Average CTR,Arts & Entertainment,2.71%,2.71,https://localiq.com/blog/facebook-advertising-benchmarks/
localiq_facebook_2026,LocaliQ,Facebook Ads,2026,0,Average CTR,Attorneys & Legal Services,1.77%,1.77,https://localiq.com/blog/facebook-advertising-benchmarks/
localiq_facebook_2026,LocaliQ,Facebook Ads,2026,0,Average CTR,Automotive–For Sale,1.47%,1.47,https://localiq.com/blog/facebook-advertising-benchmarks/
localiq_facebook_2026,LocaliQ,Facebook Ads,2026,0,Average CTR,"Automotive–Repair, Service & Parts",1.51%,1.51,https://localiq.com/blog/facebook-advertising-benchmarks/
localiq_facebook_2026,LocaliQ,Facebook Ads,2026,0,Average CTR,Beauty & Personal Care,2.73%,2.73,https://localiq.com/blog/facebook-advertising-benchmarks/
localiq_facebook_2026,LocaliQ,Facebook Ads,2026,0,Average CTR,Business Services,1.64%,1.64,https://localiq.com/blog/facebook-advertising-benchmarks/
localiq_facebook_2026,LocaliQ,Facebook Ads,2026,0,Average CTR,Dentists & Dental Services,1.55%,1.55,https://localiq.com/blog/facebook-advertising-benchmarks/
localiq_facebook_2026,LocaliQ,Facebook Ads,2026,0,Average CTR,Education & Instruction,1.50%,1.5,https://localiq.com/blog/facebook-advertising-benchmarks/
localiq_facebook_2026,LocaliQ,Facebook Ads,2026,0,Average CTR,Finance & Insurance,1.46%,1.46,https://localiq.com/blog/facebook-advertising-benchmarks/
localiq_facebook_2026,LocaliQ,Facebook Ads,2026,0,Average CTR,Furniture,1.90%,1.9,https://localiq.com/blog/facebook-advertising-benchmarks/
localiq_facebook_2026,LocaliQ,Facebook Ads,2026,0,Average CTR,Health & Fitness,1.86%,1.86,https://localiq.com/blog/facebook-advertising-benchmarks/
localiq_facebook_2026,LocaliQ,Facebook Ads,2026,0,Average CTR,Home & Home Improvement,1.76%,1.76,https://localiq.com/blog/facebook-advertising-benchmarks/
localiq_facebook_2026,LocaliQ,Facebook Ads,2026,0,Average CTR,Industrial & Commercial,2.06%,2.06,https://localiq.com/blog/facebook-advertising-benchmarks/
localiq_facebook_2026,LocaliQ,Facebook Ads,2026,0,Average CTR,Personal Services,1.93%,1.93,https://localiq.com/blog/facebook-advertising-benchmarks/
localiq_facebook_2026,LocaliQ,Facebook Ads,2026,0,Average CTR,Physicians & Surgeons,1.90%,1.9,https://localiq.com/blog/facebook-advertising-benchmarks/
localiq_facebook_2026,LocaliQ,Facebook Ads,2026,0,Average CTR,Real Estate,2.37%,2.37,https://localiq.com/blog/facebook-advertising-benchmarks/
localiq_facebook_2026,LocaliQ,Facebook Ads,2026,0,Average CTR,Restaurants & Food,2.68%,2.68,https://localiq.com/blog/facebook-advertising-benchmarks/
localiq_facebook_2026,LocaliQ,Facebook Ads,2026,0,Average CTR,"Shopping, Collectibles & Gifts",1.88%,1.88,https://localiq.com/blog/facebook-advertising-benchmarks/
localiq_facebook_2026,LocaliQ,Facebook Ads,2026,0,Average CTR,Sports & Recreation,1.77%,1.77,https://localiq.com/blog/facebook-advertising-benchmarks/
localiq_facebook_2026,LocaliQ,Facebook Ads,2026,0,Average CTR,Travel,2.28%,2.28,https://localiq.com/blog/facebook-advertising-benchmarks/
localiq_facebook_2026,LocaliQ,Facebook Ads,2026,1,Average CPC,Animals & Pets,$0.51,0.51,https://localiq.com/blog/facebook-advertising-benchmarks/
localiq_facebook_2026,LocaliQ,Facebook Ads,2026,1,Average CPC,Apparel / Fashion & Jewelry,$0.71,0.71,https://localiq.com/blog/facebook-advertising-benchmarks/
localiq_facebook_2026,LocaliQ,Facebook Ads,2026,1,Average CPC,Arts & Entertainment,$0.34,0.34,https://localiq.com/blog/facebook-advertising-benchmarks/
localiq_facebook_2026,LocaliQ,Facebook Ads,2026,1,Average CPC,Attorneys & Legal Services,$0.69,0.69,https://localiq.com/blog/facebook-advertising-benchmarks/
localiq_facebook_2026,LocaliQ,Facebook Ads,2026,1,Average CPC,Automotive–For Sale,$0.70,0.7,https://localiq.com/blog/facebook-advertising-benchmarks/
localiq_facebook_2026,LocaliQ,Facebook Ads,2026,1,Average CPC,"Automotive–Repair, Service & Parts",$0.74,0.74,https://localiq.com/blog/facebook-advertising-benchmarks/
localiq_facebook_2026,LocaliQ,Facebook Ads,2026,1,Average CPC,Beauty & Personal Care,$0.50,0.5,https://localiq.com/blog/facebook-advertising-benchmarks/
localiq_facebook_2026,LocaliQ,Facebook Ads,2026,1,Average CPC,Business Services,$0.70,0.7,https://localiq.com/blog/facebook-advertising-benchmarks/
localiq_facebook_2026,LocaliQ,Facebook Ads,2026,1,Average CPC,Dentists & Dental Services,$0.61,0.61,https://localiq.com/blog/facebook-advertising-benchmarks/
localiq_facebook_2026,LocaliQ,Facebook Ads,2026,1,Average CPC,Education & Instruction,$0.70,0.7,https://localiq.com/blog/facebook-advertising-benchmarks/
localiq_facebook_2026,LocaliQ,Facebook Ads,2026,1,Average CPC,Finance & Insurance,$0.86,0.86,https://localiq.com/blog/facebook-advertising-benchmarks/
localiq_facebook_2026,LocaliQ,Facebook Ads,2026,1,Average CPC,Furniture,$0.64,0.64,https://localiq.com/blog/facebook-advertising-benchmarks/
localiq_facebook_2026,LocaliQ,Facebook Ads,2026,1,Average CPC,Health & Fitness,$0.64,0.64,https://localiq.com/blog/facebook-advertising-benchmarks/
localiq_facebook_2026,LocaliQ,Facebook Ads,2026,1,Average CPC,Home & Home Improvement,$0.63,0.63,https://localiq.com/blog/facebook-advertising-benchmarks/
localiq_facebook_2026,LocaliQ,Facebook Ads,2026,1,Average CPC,Industrial & Commercial,$0.54,0.54,https://localiq.com/blog/facebook-advertising-benchmarks/
localiq_facebook_2026,LocaliQ,Facebook Ads,2026,1,Average CPC,Personal Services,$0.67,0.67,https://localiq.com/blog/facebook-advertising-benchmarks/
localiq_facebook_2026,LocaliQ,Facebook Ads,2026,1,Average CPC,Physicians & Surgeons,$0.61,0.61,https://localiq.com/blog/facebook-advertising-benchmarks/
localiq_facebook_2026,LocaliQ,Facebook Ads,2026,1,Average CPC,Real Estate,$0.55,0.55,https://localiq.com/blog/facebook-advertising-benchmarks/
localiq_facebook_2026,LocaliQ,Facebook Ads,2026,1,Average CPC,Restaurants & Food,$0.45,0.45,https://localiq.com/blog/facebook-advertising-benchmarks/
localiq_facebook_2026,LocaliQ,Facebook Ads,2026,1,Average CPC,"Shopping, Collectibles & Gifts",$0.59,0.59,https://localiq.com/blog/facebook-advertising-benchmarks/
localiq_facebook_2026,LocaliQ,Facebook Ads,2026,1,Average CPC,Sports & Recreation,$0.59,0.59,https://localiq.com/blog/facebook-advertising-benchmarks/
localiq_facebook_2026,LocaliQ,Facebook Ads,2026,1,Average CPC,Travel,$0.42,0.42,https://localiq.com/blog/facebook-advertising-benchmarks/
localiq_facebook_2026,LocaliQ,Facebook Ads,2026,2,Average CTR,Arts & Entertainment,3.34%,3.34,https://localiq.com/blog/facebook-advertising-benchmarks/
localiq_facebook_2026,LocaliQ,Facebook Ads,2026,2,Average CTR,Automotive–For Sale,2.29%,2.29,https://localiq.com/blog/facebook-advertising-benchmarks/
localiq_facebook_2026,LocaliQ,Facebook Ads,2026,2,Average CTR,Beauty & Personal Care,1.35%,1.35,https://localiq.com/blog/facebook-advertising-benchmarks/
localiq_facebook_2026,LocaliQ,Facebook Ads,2026,2,Average CTR,Career & Employment,3.52%,3.52,https://localiq.com/blog/facebook-advertising-benchmarks/
localiq_facebook_2026,LocaliQ,Facebook Ads,2026,2,Average CTR,Dentists & Dental Services,1.62%,1.62,https://localiq.com/blog/facebook-advertising-benchmarks/
localiq_facebook_2026,LocaliQ,Facebook Ads,2026,2,Average CTR,Education & Instruction,1.74%,1.74,https://localiq.com/blog/facebook-advertising-benchmarks/
localiq_facebook_2026,LocaliQ,Facebook Ads,2026,2,Average CTR,Furniture,3.78%,3.78,https://localiq.com/blog/facebook-advertising-benchmarks/
localiq_facebook_2026,LocaliQ,Facebook Ads,2026,2,Average CTR,Health & Fitness,3.09%,3.09,https://localiq.com/blog/facebook-advertising-benchmarks/
localiq_facebook_2026,LocaliQ,Facebook Ads,2026,2,Average CTR,Home & Home Improvement,2.14%,2.14,https://localiq.com/blog/facebook-advertising-benchmarks/
localiq_facebook_2026,LocaliQ,Facebook Ads,2026,2,Average CTR,Industrial & Commercial,2.57%,2.57,https://localiq.com/blog/facebook-advertising-benchmarks/
localiq_facebook_2026,LocaliQ,Facebook Ads,2026,2,Average CTR,Personal Services,2.24%,2.24,https://localiq.com/blog/facebook-advertising-benchmarks/
localiq_facebook_2026,LocaliQ,Facebook Ads,2026,2,Average CTR,Physicians & Surgeons,4.18%,4.18,https://localiq.com/blog/facebook-advertising-benchmarks/
localiq_facebook_2026,LocaliQ,Facebook Ads,2026,2,Average CTR,Real Estate,4.17%,4.17,https://localiq.com/blog/facebook-advertising-benchmarks/
localiq_facebook_2026,LocaliQ,Facebook Ads,2026,2,Average CTR,Sports & Recreation,3.16%,3.16,https://localiq.com/blog/facebook-advertising-benchmarks/
localiq_facebook_2026,LocaliQ,Facebook Ads,2026,3,Average CPC,Arts & Entertainment,$0.88,0.88,https://localiq.com/blog/facebook-advertising-benchmarks/
localiq_facebook_2026,LocaliQ,Facebook Ads,2026,3,Average CPC,Automotive–For Sale,$2.01,2.01,https://localiq.com/blog/facebook-advertising-benchmarks/
localiq_facebook_2026,LocaliQ,Facebook Ads,2026,3,Average CPC,Beauty & Personal Care,$2.97,2.97,https://localiq.com/blog/facebook-advertising-benchmarks/
localiq_facebook_2026,LocaliQ,Facebook Ads,2026,3,Average CPC,Career & Employment,$0.73,0.73,https://localiq.com/blog/facebook-advertising-benchmarks/
localiq_facebook_2026,LocaliQ,Facebook Ads,2026,3,Average CPC,Dentists & Dental Services,$5.70,5.7,https://localiq.com/blog/facebook-advertising-benchmarks/
localiq_facebook_2026,LocaliQ,Facebook Ads,2026,3,Average CPC,Education & Instruction,$1.72,1.72,https://localiq.com/blog/facebook-advertising-benchmarks/
localiq_facebook_2026,LocaliQ,Facebook Ads,2026,3,Average CPC,Furniture,$2.18,2.18,https://localiq.com/blog/facebook-advertising-benchmarks/
localiq_facebook_2026,LocaliQ,Facebook Ads,2026,3,Average CPC,Health & Fitness,$1.84,1.84,https://localiq.com/blog/facebook-advertising-benchmarks/
localiq_facebook_2026,LocaliQ,Facebook Ads,2026,3,Average CPC,Home & Home Improvement,$2.18,2.18,https://localiq.com/blog/facebook-advertising-benchmarks/
localiq_facebook_2026,LocaliQ,Facebook Ads,2026,3,Average CPC,Industrial & Commercial,$1.55,1.55,https://localiq.com/blog/facebook-advertising-benchmarks/
localiq_facebook_2026,LocaliQ,Facebook Ads,2026,3,Average CPC,Personal Services,$1.62,1.62,https://localiq.com/blog/facebook-advertising-benchmarks/
localiq_facebook_2026,LocaliQ,Facebook Ads,2026,3,Average CPC,Physicians & Surgeons,$1.68,1.68,https://localiq.com/blog/facebook-advertising-benchmarks/
localiq_facebook_2026,LocaliQ,Facebook Ads,2026,3,Average CPC,Real Estate,$1.27,1.27,https://localiq.com/blog/facebook-advertising-benchmarks/
localiq_facebook_2026,LocaliQ,Facebook Ads,2026,3,Average CPC,Sports & Recreation,$1.08,1.08,https://localiq.com/blog/facebook-advertising-benchmarks/
localiq_facebook_2026,LocaliQ,Facebook Ads,2026,4,Average CVR,Arts & Entertainment,15.31%,15.31,https://localiq.com/blog/facebook-advertising-benchmarks/
localiq_facebook_2026,LocaliQ,Facebook Ads,2026,4,Average CVR,Automotive–For Sale,4.15%,4.15,https://localiq.com/blog/facebook-advertising-benchmarks/
localiq_facebook_2026,LocaliQ,Facebook Ads,2026,4,Average CVR,Beauty & Personal Care,5.63%,5.63,https://localiq.com/blog/facebook-advertising-benchmarks/
localiq_facebook_2026,LocaliQ,Facebook Ads,2026,4,Average CVR,Career & Employment,5.38%,5.38,https://localiq.com/blog/facebook-advertising-benchmarks/
localiq_facebook_2026,LocaliQ,Facebook Ads,2026,4,Average CVR,Dentists & Dental Services,6.07%,6.07,https://localiq.com/blog/facebook-advertising-benchmarks/
localiq_facebook_2026,LocaliQ,Facebook Ads,2026,4,Average CVR,Education & Instruction,15.87%,15.87,https://localiq.com/blog/facebook-advertising-benchmarks/
localiq_facebook_2026,LocaliQ,Facebook Ads,2026,4,Average CVR,Furniture,5.66%,5.66,https://localiq.com/blog/facebook-advertising-benchmarks/
localiq_facebook_2026,LocaliQ,Facebook Ads,2026,4,Average CVR,Health & Fitness,7.98%,7.98,https://localiq.com/blog/facebook-advertising-benchmarks/
localiq_facebook_2026,LocaliQ,Facebook Ads,2026,4,Average CVR,Home & Home Improvement,5.32%,5.32,https://localiq.com/blog/facebook-advertising-benchmarks/
localiq_facebook_2026,LocaliQ,Facebook Ads,2026,4,Average CVR,Industrial & Commercial,4.50%,4.5,https://localiq.com/blog/facebook-advertising-benchmarks/
localiq_facebook_2026,LocaliQ,Facebook Ads,2026,4,Average CVR,Personal Services,6.61%,6.61,https://localiq.com/blog/facebook-advertising-benchmarks/
localiq_facebook_2026,LocaliQ,Facebook Ads,2026,4,Average CVR,Physicians & Surgeons,6.41%,6.41,https://localiq.com/blog/facebook-advertising-benchmarks/
localiq_facebook_2026,LocaliQ,Facebook Ads,2026,4,Average CVR,Real Estate,9.95%,9.95,https://localiq.com/blog/facebook-advertising-benchmarks/
localiq_facebook_2026,LocaliQ,Facebook Ads,2026,4,Average CVR,Sports & Recreation,6.75%,6.75,https://localiq.com/blog/facebook-advertising-benchmarks/
localiq_facebook_2026,LocaliQ,Facebook Ads,2026,5,Average CPL,Arts & Entertainment,$14.59,14.59,https://localiq.com/blog/facebook-advertising-benchmarks/
localiq_facebook_2026,LocaliQ,Facebook Ads,2026,5,Average CPL,Automotive–For Sale,$35.52,35.52,https://localiq.com/blog/facebook-advertising-benchmarks/
localiq_facebook_2026,LocaliQ,Facebook Ads,2026,5,Average CPL,Beauty & Personal Care,$50.91,50.91,https://localiq.com/blog/facebook-advertising-benchmarks/
localiq_facebook_2026,LocaliQ,Facebook Ads,2026,5,Average CPL,Career & Employment,$12.30,12.3,https://localiq.com/blog/facebook-advertising-benchmarks/
localiq_facebook_2026,LocaliQ,Facebook Ads,2026,5,Average CPL,Dentists & Dental Services,$61.56,61.56,https://localiq.com/blog/facebook-advertising-benchmarks/
localiq_facebook_2026,LocaliQ,Facebook Ads,2026,5,Average CPL,Education & Instruction,$26.31,26.31,https://localiq.com/blog/facebook-advertising-benchmarks/
localiq_facebook_2026,LocaliQ,Facebook Ads,2026,5,Average CPL,Furniture,$39.25,39.25,https://localiq.com/blog/facebook-advertising-benchmarks/
localiq_facebook_2026,LocaliQ,Facebook Ads,2026,5,Average CPL,Health & Fitness,$27.11,27.11,https://localiq.com/blog/facebook-advertising-benchmarks/
localiq_facebook_2026,LocaliQ,Facebook Ads,2026,5,Average CPL,Home & Home Improvement,$42.95,42.95,https://localiq.com/blog/facebook-advertising-benchmarks/
localiq_facebook_2026,LocaliQ,Facebook Ads,2026,5,Average CPL,Industrial & Commercial,$35.87,35.87,https://localiq.com/blog/facebook-advertising-benchmarks/
localiq_facebook_2026,LocaliQ,Facebook Ads,2026,5,Average CPL,Personal Services,$38.09,38.09,https://localiq.com/blog/facebook-advertising-benchmarks/
localiq_facebook_2026,LocaliQ,Facebook Ads,2026,5,Average CPL,Physicians & Surgeons,$32.14,32.14,https://localiq.com/blog/facebook-advertising-benchmarks/
localiq_facebook_2026,LocaliQ,Facebook Ads,2026,5,Average CPL,Real Estate,$13.74,13.74,https://localiq.com/blog/facebook-advertising-benchmarks/
localiq_facebook_2026,LocaliQ,Facebook Ads,2026,5,Average CPL,Sports & Recreation,$15.49,15.49,https://localiq.com/blog/facebook-advertising-benchmarks/
